{
  "produtos": [
    {
      "id": "28c4",
      "nome": "Teclado Dell",
      "descricao": "Teclado original da Dell para desktop",
      "valor": "120.00"
    },
    {
      "id": "eff1",
      "nome": "Teclado Logitech",
      "descricao": "Teclado original da Logitech para desktop",
      "valor": "220.00"
    },
    {
      "id": "cd01",
      "nome": "dvfvdf",
      "descricao": "vdvfdfv",
      "valor": "444"
    },
    {
      "id": "ea92",
      "nome": "sifmio",
      "descricao": "rsf",
      "valor": "5"
    }
  ]
}